{
  "baseline": {
    "means": {
      "accuracy": 0.975,
      "f1_macro": 0.9733333333333334,
      "roc_auc": 0.9714285714285715,
      "mcc": 0.9528941574312878
    },
    "stds": {
      "accuracy": 0.049999999999999996,
      "f1_macro": 0.05333333333333332,
      "roc_auc": 0.05714285714285712,
      "mcc": 0.09421168513742467
    },
    "folds": {
      "accuracy": [
        1.0,
        1.0,
        0.875,
        1.0,
        1.0
      ],
      "f1_macro": [
        1.0,
        1.0,
        0.8666666666666667,
        1.0,
        1.0
      ],
      "roc_auc": [
        1.0,
        1.0,
        0.8571428571428572,
        1.0,
        1.0
      ],
      "mcc": [
        1.0,
        1.0,
        0.7644707871564383,
        1.0,
        1.0
      ]
    }
  },
  "Random Forest": {
    "accuracy": {
      "mean": 0.9616666666666667,
      "std": 0.05044248650140518,
      "folds": [
        1.0,
        1.0,
        0.875,
        1.0,
        0.9333333333333333
      ],
      "train_mean": 1.0
    },
    "f1_macro": {
      "mean": 0.9589792663476875,
      "std": 0.05387996994545966,
      "folds": [
        1.0,
        1.0,
        0.8666666666666667,
        1.0,
        0.9282296650717703
      ],
      "train_mean": 1.0
    },
    "roc_auc": {
      "mean": 1.0,
      "std": 0.0,
      "folds": [
        1.0,
        1.0,
        1.0,
        1.0,
        1.0
      ],
      "train_mean": 1.0
    },
    "mcc": {
      "mean": 0.9260992381881754,
      "std": 0.09603810655358663,
      "folds": [
        1.0,
        1.0,
        0.7644707871564383,
        1.0,
        0.8660254037844386
      ],
      "train_mean": 1.0
    }
  },
  "XGBoost": {
    "accuracy": {
      "mean": 0.8983333333333334,
      "std": 0.050935689299787076,
      "folds": [
        0.875,
        0.875,
        0.875,
        1.0,
        0.8666666666666667
      ],
      "train_mean": 1.0
    },
    "f1_macro": {
      "mean": 0.8955555555555555,
      "std": 0.052487505861918575,
      "folds": [
        0.875,
        0.875,
        0.8666666666666667,
        1.0,
        0.8611111111111112
      ],
      "train_mean": 1.0
    },
    "roc_auc": {
      "mean": 0.9962962962962963,
      "std": 0.0074074074074073955,
      "folds": [
        1.0,
        1.0,
        1.0,
        1.0,
        0.9814814814814815
      ],
      "train_mean": 1.0
    },
    "mcc": {
      "mean": 0.8084497129868431,
      "std": 0.09792075750781344,
      "folds": [
        0.7777777777777778,
        0.7777777777777778,
        0.7644707871564383,
        1.0,
        0.7222222222222222
      ],
      "train_mean": 1.0
    }
  },
  "SVM (RBF)": {
    "accuracy": {
      "mean": 0.975,
      "std": 0.03061862178478973,
      "folds": [
        0.9375,
        1.0,
        0.9375,
        1.0,
        1.0
      ],
      "train_mean": 1.0
    },
    "f1_macro": {
      "mean": 0.9744955148051122,
      "std": 0.03124309753240527,
      "folds": [
        0.9372549019607843,
        1.0,
        0.9352226720647774,
        1.0,
        1.0
      ],
      "train_mean": 1.0
    },
    "roc_auc": {
      "mean": 1.0,
      "std": 0.0,
      "folds": [
        1.0,
        1.0,
        1.0,
        1.0,
        1.0
      ],
      "train_mean": 1.0
    },
    "mcc": {
      "mean": 0.9520454338683753,
      "std": 0.058743184214398766,
      "folds": [
        0.8819171036881969,
        1.0,
        0.8783100656536799,
        1.0,
        1.0
      ],
      "train_mean": 1.0
    }
  }
}